"id","name","model_id:id","group_id:id","perm_read","perm_write","perm_create","perm_unlink"
"access_model_l10n_ec_delivery_note_all","access_model_l10n_ec_delivery_note_all","model_l10n_ec_delivery_note","base.group_user",1,0,0,0
"access_model_l10n_ec_delivery_note_portal","access_model_l10n_ec_delivery_note_portal","model_l10n_ec_delivery_note","base.group_portal",1,0,0,0
"access_model_l10n_ec_delivery_note_line_all","access_model_l10n_ec_delivery_note_line_all","model_l10n_ec_delivery_note_line","base.group_user",1,0,0,0
"access_model_l10n_ec_delivery_note_line_portal","access_model_l10n_ec_delivery_note_line_portal","model_l10n_ec_delivery_note_line","base.group_portal",1,0,0,0
"access_model_l10n_ec_delivery_note_group_stock_user","access_model_l10n_ec_delivery_note_group_stock_user","model_l10n_ec_delivery_note","stock.group_stock_user",1,1,1,1
"access_model_l10n_ec_delivery_note_line_group_stock_user","access_model_l10n_ec_delivery_note_line_group_stock_user","model_l10n_ec_delivery_note_line","stock.group_stock_user",1,1,1,1
"access_model_wizard_input_document_number_group_stock_user","access_model_wizard_input_document_number_group_stock_user","model_wizard_input_document_number","stock.group_stock_user",1,1,1,1
"access_model_wizard_create_delivery_note_group_stock_user","access_model_wizard_create_delivery_note_group_stock_user","model_wizard_create_delivery_note","stock.group_stock_user",1,1,1,1
"access_model_wizard_create_delivery_note_line_group_stock_user","access_model_wizard_create_delivery_note_line_group_stock_user","model_wizard_create_delivery_note_line","stock.group_stock_user",1,1,1,1
